,,Accuracy,AUC
Topic_3,Logistic Regression,0.38636363636363635,0.5302661695134814
Topic_3,Random Forest,0.3409090909090909,0.5071640953045128
Topic_3,XGBoost,0.38636363636363635,0.5595204371611708
Topic_5,Logistic Regression,0.1590909090909091,0.49106739092033214
Topic_5,Random Forest,0.11363636363636363,0.5050220809044339
Topic_5,XGBoost,0.2727272727272727,0.586801675625205
Topic_6,Logistic Regression,0.11363636363636363,0.45825516450516446
Topic_6,Random Forest,0.20454545454545456,0.5517891011312064
Topic_6,XGBoost,0.1590909090909091,0.47632112484086164
